{
  "phase": 4,
  "entropy_information_value": 0.1632070886642158,
  "entropy_posterior_delta": 0.05699455485648518
}