{
  "phase": 3,
  "l_depth_m": 2.8906047450304717,
  "s_depth_m": 1.4453023725152359,
  "prediction_grid_size": 255
}